P_Username,P_Password,,,,,,,,,,
oe_pe.user011,Cardinal1,,,,,,,,,,
oe_pe.user012,Cardinal1,,,,,,,,,,
oe_pe.user013,Cardinal1,,,,,,,,,,
oe_pe.user014,Cardinal1,,,,,,,,,,
oe_pe.user015,Cardinal1,,,,,,,,,,
oe_pe.user016,Cardinal1,,,,,,,,,,
oe_pe.user017,Cardinal1,,,,,,,,,,
oe_pe.user018,Cardinal1,,,,,,,,,,
oe_pe.user019,Cardinal1,,,,,,,,,,
oe_pe.user020,Cardinal1,,,,,,,,,, 
oe_pe.user021,Cardinal1,,,,,,,,,,
oe_pe.user022,Cardinal1,,,,,,,,,,
oe_pe.user023,Cardinal1,,,,,,,,,,
oe_pe.user024,Cardinal1,,,,,,,,,,
oe_pe.user025,Cardinal1,,,,,,,,,,
oe_pe.user026,Cardinal1,,,,,,,,,,
oe_pe.user027,Cardinal1,,,,,,,,,,
oe_pe.user028,Cardinal1,,,,,,,,,,
oe_pe.user029,Cardinal1,,,,,,,,,,
oe_pe.user030,Cardinal1,,,,,,,,,,
oe_pe.user011,Cardinal1,,,,,,,,,,
oe_pe.user012,Cardinal1,,,,,,,,,,
oe_pe.user013,Cardinal1,,,,,,,,,,
oe_pe.user014,Cardinal1,,,,,,,,,,
oe_pe.user015,Cardinal1,,,,,,,,,,
oe_pe.user016,Cardinal1,,,,,,,,,,
oe_pe.user017,Cardinal1,,,,,,,,,,
oe_pe.user018,Cardinal1,,,,,,,,,,
oe_pe.user019,Cardinal1,,,,,,,,,,
oe_pe.user020,Cardinal1,,,,,,,,,,
oe_pe.user021,Cardinal1,,,,,,,,,,
oe_pe.user022,Cardinal1,,,,,,,,,,
oe_pe.user023,Cardinal1,,,,,,,,,,
oe_pe.user024,Cardinal1,,,,,,,,,,
oe_pe.user025,Cardinal1,,,,,,,,,,
oe_pe.user026,Cardinal1,,,,,,,,,,
oe_pe.user027,Cardinal1,,,,,,,,,,
oe_pe.user028,Cardinal1,,,,,,,,,,
oe_pe.user029,Cardinal1,,,,,,,,,,
oe_pe.user030,Cardinal1,,,,,,,,,,
